alias benjams benjamin_r_schlegel <benjams@bgnet.bgsu.edu>
alias lx Lx Rudis <lxi@mole.slip.net>
alias harumi Harumi Nagamori <harumi_nagamori@hotmail.com>
alias dans Dan Shinton <dans@ascinet.com>
alias daveks David Kendall-Sperry <daveks@ascinet.net>
alias kenton Kenton Danials <kdanials@jasper.knox.net>
alias dad "Ronald F. Guldan" <guldan@axom.com>
alias todd Todd Faulkner <Todd_Faulkner@mail.bankone.com>
alias marie Marie Yamaura <marie_yam@hotmail.com>
alias james James Kurella <jkurella@dpec.com>
alias toddpgr Todd Faulkner-Pager <8883146424@airmessage.net>
alias sevs My Favourite Bastards <severed-heads@SEVCOM.COM>
alias support ASCInet Support <support@ascinet.net>
alias travis Travis Ritter <tritter@darkwing.uoregon.edu>
alias padds Jonathan O'Connor <padds@ascinet.com>
alias toddrr Tentochi Road Runner  <tentochi@columbus.rr.com>
alias kyle Kyle C Bacon <kbacon@fnsi.net>
alias ryder Ryder <s986792@mailserv.cuhk.edu.hk>
alias aaron Aaron Gutman <aarong@ascinet.com>
alias disco DiSCo Tek <disco@lotek.org>
alias nucleus ele_mentals <nucleus@core.ele-mental.org>
alias atsuko Atsuko Suzuki <akkotinkle@hotmail.com>
alias stever Steve Romig <romig@net.ohio-state.edu>
alias karlm "Karl N. Matthias" <matthik@nationwide.com>
alias dj "Daniel J. Gregor Jr." <dj@gregor.com>
alias ruriko Ruriko Ono <ruriko1119@hotmail.com>
alias pauli Paul Ihrig <pihrig@nbbj.com>
alias sines Todd Sines <sines@scalestudio.com>
alias wenchi Wen-Chi Yang <wyango@yahoo.com>
alias kayo uchida.9@osu.edu
alias amane asuzukawa@hotmail.com
alias janeane hkulik@Princeton.EDU
alias craig craig@concourse.com
alias mikef mike@concourse.com
alias titonton titonton@hotmail.com
alias maiko maikoikeda@hotmail.com
alias alex arekkusu@hotmail.com
alias vijay wrath@cs.umbc.edu
alias nicole nledinek@hotmail.com
alias alexwrk Alex.Murray@msdw.com
alias jane janejane@yummyyummy.co.uk
alias yuki miyajima@kisweb.ne.jp
alias mattc mattclausen@hotmail.com
alias naoko inoguchi@akibako.net
alias rs rs@seastrom.com
alias steve steve@exodus.net
alias jimmie steve@exodus.net
alias 313 313@hyperreal.org
alias james jkurella@mindleaders.com
alias lx lxi@slip.net
alias 21-22 21-22corp@usa.net
alias 21-22corp 21-22corp@usa.net
alias rudis rudis@konami.co.jp
alias nico nico@expotechinc.com
alias rod rod@expotechinc.com
alias ronwarf ronwarf@hqlee.deca.mil
alias dan_kettwich DKettwich@splitrock.net
alias erin erin@benjaminco.com
alias tim timt@nfolink.com
alias naoko_hm n_inoguchi@hotmail.com
alias doug dougallgood@legendary.net
alias shiro shiro1@gb4.so-net.ne.jp
alias johnj johnjakubowski@legendary.net
alias mikec mikecrawford@legendary.net
alias naokopie naokopie@ezweb.ne.jp
alias trevor clearly-smudged@home.com
alias brian studiomoo@madasafish.com
alias yui yuiohio@yahoo.com
alias nancy detroitnm@yahoo.com
alias davem dlmyers@gcfn.org
alias makku sean_makku@hotmail.com
alias tomodragon tomodragon@hotmail.com
alias akkotinkle akkotinkle@h8.dion.ne.jp
alias kevin kevin@interq.or.jp
alias dc dcooper@roundtablemusic.com
alias otto O.Koppius@fbk.eur.nl
alias tomokonagumo tomokonagumo@hotmail.com
alias sherrys sherrysamuel@legendary.net
alias timr timrice@legendary.net
alias adam adamreitz@excite.com
alias alexcel alex murray - cell <090773641559696@docomo.ne.jp>
alias areitz Adam Reitz <areitz@forate.com>
alias dorn Dorn Byg <dorn@narcissusonline.com>
alias naohm Inoguchi Naoko <n_inoguchi@hotmail.com>
alias kevinl Kevin Leidhauser <leidheiser6@hotmail.com>
alias joan \"Joan V. Ruff\" <joanruff@guldan.net>
alias ken \"Phillips, Ken\" <kphillips@tenworldwide.com>
alias rory rory benson <rory_benson@hotmail.com>
alias mei Mie Suzuki <ms.ms.ms@jcom.home.ne.jp>
alias grover Thomas Grové <lion@lotek.org>
alias david David Booth <david@promonet.com>
alias nori yamamoto noriko <norila_db@hotmail.com>
alias santos jon santos <jon@commonspace.fm>
alias pat Patrick Guldan <Patrick.Guldan@dukerealty.com>
alias charles Charles Guldan <guldancc@yahoo.com>
alias chuck Charles Guldan <guldancc@yahoo.com>
alias dan Danny Pierce <dapierce@promonet.com>
alias matt Matthew Hall <matt@promonet.com>
alias hlarue Harold LaRue <hlarue@columbus.rr.com>
alias math math <math@sizone.org>
alias carox carox@anditaufiq.com
alias seanpaul Sean-Paul <seanpaul@agonist.org>
